sample_size,req_index,rtt_ms,iptd_ms
10,1,390.760283000418,195.380141500209
10,2,309.210611000708,154.605305500354
10,3,360.989862999304,180.494931499652
10,4,330.66092700028094,165.33046350014047
10,5,325.79085499946814,162.89542749973407
10,6,292.75346800022817,146.37673400011408
10,7,473.7348729995574,236.8674364997787
10,8,388.2140720006646,194.1070360003323
10,9,362.15741700016224,181.07870850008112
10,10,252.6855699998123,126.34278499990614
20,1,325.202416999673,162.6012084998365
20,2,308.73351999980514,154.36675999990257
20,3,323.55429000017466,161.77714500008733
20,4,334.10517100037396,167.05258550018698
20,5,367.96991499977594,183.98495749988797
20,6,340.3669360004642,170.1834680002321
20,7,315.16944499981037,157.58472249990518
20,8,331.33080400057224,165.66540200028612
20,9,358.6963890002153,179.34819450010764
20,10,374.0799170000173,187.03995850000865
20,11,421.91030499998305,210.95515249999153
20,12,302.01302800014673,151.00651400007337
20,13,316.381409999849,158.1907049999245
20,14,321.2511470001118,160.6255735000559
20,15,330.1559229994382,165.0779614997191
20,16,415.84648299976834,207.92324149988417
20,17,397.10691399977804,198.55345699988902
20,18,296.7601669997748,148.3800834998874
20,19,319.2144799995731,159.60723999978654
20,20,369.43739199978154,184.71869599989077
30,1,267.97899000030156,133.98949500015078
30,2,294.3575780000174,147.1787890000087
30,3,319.3448600004558,159.6724300002279
30,4,298.11991099995794,149.05995549997897
30,5,302.9118889999154,151.4559444999577
30,6,346.9052169994029,173.45260849970146
30,7,318.78370599952177,159.39185299976089
30,8,314.8451089991795,157.42255449958975
30,9,290.707748999921,145.3538744999605
30,10,352.5759059994016,176.2879529997008
30,11,314.9718249997022,157.4859124998511
30,12,271.33779099949606,135.66889549974803
30,13,279.69871500044974,139.84935750022487
30,14,288.70252599972446,144.35126299986223
30,15,349.3932430001223,174.69662150006116
30,16,398.40673100025015,199.20336550012507
30,17,373.0351529993641,186.51757649968204
30,18,305.482798000412,152.741399000206
30,19,333.4110249998048,166.7055124999024
30,20,604.5148570001402,302.2574285000701
30,21,278.1334119999883,139.06670599999416
30,22,307.1630600006756,153.5815300003378
30,23,304.76040200028365,152.38020100014182
30,24,318.3645620001698,159.1822810000849
30,25,278.4032190002108,139.2016095001054
30,26,326.02067300013005,163.01033650006502
30,27,310.38794400046754,155.19397200023377
30,28,307.7600649994565,153.88003249972826
30,29,342.78166800049803,171.39083400024901
30,30,299.208524000278,149.604262000139
40,1,275.0681130000885,137.53405650004424
40,2,300.5792180001663,150.28960900008315
40,3,301.1020309995729,150.55101549978644
40,4,286.45075900021766,143.22537950010883
40,5,436.55664499965496,218.27832249982748
40,6,396.9355399995038,198.4677699997519
40,7,312.3746029996255,156.18730149981275
40,8,372.34697799976857,186.17348899988428
40,9,302.1792549998281,151.08962749991406
40,10,322.1477929992034,161.0738964996017
40,11,283.89357500054757,141.94678750027379
40,12,336.46548399974563,168.23274199987281
40,13,299.20546599987574,149.60273299993787
40,14,298.4056330005842,149.2028165002921
40,15,315.6219989996316,157.8109994998158
40,16,293.73559600026056,146.86779800013028
40,17,327.3512750001828,163.6756375000914
40,18,289.3070939999234,144.6535469999617
40,19,323.19849400028033,161.59924700014017
40,20,332.34806200016465,166.17403100008232
40,21,308.87890699978016,154.43945349989008
40,22,331.1176560000604,165.5588280000302
40,23,322.80137599991576,161.40068799995788
40,24,323.0306149998796,161.5153074999398
40,25,399.10417000010057,199.55208500005028
40,26,330.1233379997939,165.06166899989694
40,27,293.04589399998804,146.52294699999402
40,28,304.12375000014435,152.06187500007218
40,29,289.2098899992561,144.60494499962806
40,30,312.34546900032,156.17273450016
40,31,295.66606099979253,147.83303049989627
40,32,315.4205239998191,157.71026199990956
40,33,313.0744390000473,156.53721950002364
40,34,326.6351730007955,163.31758650039774
40,35,314.2800419991545,157.14002099957725
40,36,310.61581799986016,155.30790899993008
40,37,286.8817210000998,143.4408605000499
40,38,334.22475999941526,167.11237999970763
40,39,266.03979699939373,133.01989849969686
40,40,373.3072220002214,186.6536110001107
50,1,342.2414189999472,171.1207094999736
50,2,314.9529900001653,157.47649500008265
50,3,322.135232000619,161.0676160003095
50,4,445.4993919998742,222.7496959999371
50,5,399.53067999977065,199.76533999988533
50,6,320.3501959997084,160.1750979998542
50,7,319.90306900024734,159.95153450012367
50,8,278.3956869998292,139.1978434999146
50,9,337.14331699957256,168.57165849978628
50,10,299.2386779997105,149.61933899985524
50,11,311.0804369998732,155.5402184999366
50,12,330.836709000323,165.4183545001615
50,13,290.0343109995447,145.01715549977234
50,14,300.8769409998422,150.4384704999211
50,15,262.3446989991862,131.1723494995931
50,16,296.3567930000863,148.17839650004316
50,17,331.09957200031204,165.54978600015602
50,18,310.90594199940824,155.45297099970412
50,19,302.24389100021654,151.12194550010827
50,20,304.94104100034747,152.47052050017373
50,21,345.11844200005726,172.55922100002863
50,22,322.6189719998729,161.30948599993644
50,23,311.09213800027646,155.54606900013823
50,24,417.4976060003246,208.7488030001623
50,25,365.1901329994871,182.59506649974355
50,26,322.34792899998865,161.17396449999433
50,27,324.32888000039384,162.16444000019692
50,28,343.02682599991385,171.51341299995693
50,29,368.5317550007312,184.2658775003656
50,30,303.83149400040566,151.91574700020283
50,31,308.53439399925264,154.26719699962632
50,32,349.76797199942666,174.88398599971333
50,33,345.4495070000121,172.72475350000605
50,34,286.1667759998454,143.0833879999227
50,35,304.9338490000082,152.4669245000041
50,36,397.84035899992887,198.92017949996443
50,37,309.8078960001658,154.9039480000829
50,38,391.0581270001785,195.52906350008925
50,39,330.1180709995606,165.0590354997803
50,40,318.70486499974504,159.35243249987252
50,41,285.56460100026015,142.78230050013008
50,42,279.0896119995523,139.54480599977614
50,43,461.0268839996934,230.5134419998467
50,44,370.0770490004288,185.0385245002144
50,45,322.97952200042346,161.48976100021173
50,46,308.51607200020226,154.25803600010113
50,47,297.94123499959824,148.97061749979912
50,48,317.9949659997874,158.9974829998937
50,49,284.35664999960863,142.17832499980432
50,50,317.26028100001713,158.63014050000857
60,1,293.84454499995627,146.92227249997813
60,2,305.39857700023276,152.69928850011638
60,3,340.3545519995532,170.1772759997766
60,4,304.75676200057933,152.37838100028966
60,5,349.76429699963774,174.88214849981887
60,6,326.61250199998904,163.30625099999452
60,7,327.3462009992727,163.67310049963635
60,8,297.2940900008325,148.64704500041626
60,9,327.7092319995063,163.85461599975315
60,10,350.4224680000334,175.2112340000167
60,11,341.02508799969655,170.51254399984828
60,12,410.72792199975083,205.36396099987542
60,13,493.08120800014876,246.54060400007438
60,14,301.3741889999437,150.68709449997186
60,15,326.98209499994846,163.49104749997423
60,16,296.04278700026043,148.02139350013022
60,17,328.09780800016597,164.04890400008298
60,18,283.4996609999507,141.74983049997536
60,19,314.45705900023313,157.22852950011657
60,20,279.54053099983867,139.77026549991933
60,21,344.325015999857,172.1625079999285
60,22,277.683240999977,138.8416204999885
60,23,440.1404879999973,220.07024399999864
60,24,310.1253680006266,155.0626840003133
60,25,287.8821099993729,143.94105499968646
60,26,307.2548600002847,153.62743000014234
60,27,320.9279749999041,160.46398749995205
60,28,320.3550489997724,160.1775244998862
60,29,251.44673500017234,125.72336750008617
60,30,277.17656300046656,138.58828150023328
60,31,294.1140689999884,147.0570344999942
60,32,429.9898889994438,214.9949444997219
60,33,443.30011599959107,221.65005799979554
60,34,294.3593019999753,147.17965099998764
60,35,307.2168470007455,153.60842350037274
60,36,302.57264700048836,151.28632350024418
60,37,280.06244800053537,140.03122400026768
60,38,317.05355000030977,158.52677500015488
60,39,281.02188400043815,140.51094200021907
60,40,335.8475240002008,167.9237620001004
60,41,293.03341200011346,146.51670600005673
60,42,282.9541649998646,141.4770824999323
60,43,314.10029999915423,157.05014999957712
60,44,299.1509670000596,149.5754835000298
60,45,328.30798200029676,164.15399100014838
60,46,274.98001499952807,137.49000749976403
60,47,318.35916,159.17958
60,48,275.91710099932243,137.95855049966121
60,49,282.85326799959876,141.42663399979938
60,50,337.19985199968505,168.59992599984253
60,51,303.89558100068825,151.94779050034413
60,52,425.395868999658,212.697934499829
60,53,417.70790699956706,208.85395349978353
60,54,356.55987300015113,178.27993650007556
60,55,299.86424100025033,149.93212050012517
60,56,314.8536070002592,157.4268035001296
60,57,260.28790899999876,130.14395449999938
60,58,333.07650799997646,166.53825399998823
60,59,303.71214200022223,151.85607100011111
60,60,295.5421659999047,147.77108299995234
70,1,301.82176000016625,150.91088000008313
70,2,255.4089670002213,127.70448350011065
70,3,350.4793140000402,175.2396570000201
70,4,336.79929400022957,168.39964700011478
70,5,296.28978299933806,148.14489149966903
70,6,313.98904099933134,156.99452049966567
70,7,308.0559390000417,154.02796950002084
70,8,309.02084199988167,154.51042099994083
70,9,292.6968329993542,146.3484164996771
70,10,299.37042700021266,149.68521350010633
70,11,339.2930259997229,169.64651299986144
70,12,399.1922630002591,199.59613150012956
70,13,323.24553499984177,161.62276749992088
70,14,387.44519099964236,193.72259549982118
70,15,285.7344180001746,142.8672090000873
70,16,299.7409529998549,149.87047649992746
70,17,332.9972169995017,166.49860849975084
70,18,342.79718099969614,171.39859049984807
70,19,264.25510100034444,132.12755050017222
70,20,323.71085500017216,161.85542750008608
70,21,317.6233300000604,158.8116650000302
70,22,333.0506709999099,166.52533549995496
70,23,300.3384390003703,150.16921950018514
70,24,341.29345699966507,170.64672849983253
70,25,331.86552499955724,165.93276249977862
70,26,294.6460200000729,147.32301000003645
70,27,304.6263910000562,152.3131955000281
70,28,294.2184260000431,147.10921300002155
70,29,330.4732120004701,165.23660600023504
70,30,313.4840789998634,156.7420394999317
70,31,475.10216499995295,237.55108249997647
70,32,358.49085000063496,179.24542500031748
70,33,288.1844160001492,144.0922080000746
70,34,261.3965410000674,130.6982705000337
70,35,334.5282539994514,167.2641269997257
70,36,286.44918000009056,143.22459000004528
70,37,347.48342000057164,173.74171000028582
70,38,295.6550349999816,147.8275174999908
70,39,295.93288299929554,147.96644149964777
70,40,298.0931110005258,149.0465555002629
70,41,300.7375019997198,150.3687509998599
70,42,311.95464299980813,155.97732149990406
70,43,290.7669429996531,145.38347149982656
70,44,293.0679479995888,146.5339739997944
70,45,375.1748470003804,187.5874235001902
70,46,286.0146499997427,143.00732499987134
70,47,302.79012999926636,151.39506499963318
70,48,328.7478190004549,164.37390950022746
70,49,305.25105800006713,152.62552900003357
70,50,312.4231289993986,156.2115644996993
70,51,415.4868159994294,207.7434079997147
70,52,353.56638000030216,176.78319000015108
70,53,252.41338100022404,126.20669050011202
70,54,289.31210300015664,144.65605150007832
70,55,300.8772580005825,150.43862900029126
70,56,284.70577400003094,142.35288700001547
70,57,306.3737250004124,153.1868625002062
70,58,259.73540999984834,129.86770499992417
70,59,318.50895099978516,159.25447549989258
70,60,309.29403900063335,154.64701950031667
70,61,307.25982599960844,153.62991299980422
70,62,315.1690400000007,157.58452000000034
70,63,299.34477400001924,149.67238700000962
70,64,299.6096619999662,149.8048309999831
70,65,331.0572049995244,165.5286024997622
70,66,304.7375930000271,152.36879650001356
70,67,315.0492730001133,157.52463650005666
70,68,301.93077300009463,150.96538650004732
70,69,306.5025590003643,153.25127950018214
70,70,310.42540700036625,155.21270350018312
80,1,415.7256279995636,207.8628139997818
80,2,372.2020570003224,186.1010285001612
80,3,302.3045399995681,151.15226999978404
80,4,378.8392370006477,189.41961850032385
80,5,336.6730470006587,168.33652350032935
80,6,342.40234499975486,171.20117249987743
80,7,275.20361299957585,137.60180649978793
80,8,286.24462299922016,143.12231149961008
80,9,296.38812099983625,148.19406049991812
80,10,283.3944519998113,141.69722599990564
80,11,305.6883799999923,152.84418999999616
80,12,264.89040599972213,132.44520299986107
80,13,292.54852600024606,146.27426300012303
80,14,255.66636300027312,127.83318150013656
80,15,308.10547200053406,154.05273600026703
80,16,291.04073499911465,145.52036749955732
80,17,304.31237899938424,152.15618949969212
80,18,286.80784799962566,143.40392399981283
80,19,315.87268200019025,157.93634100009513
80,20,287.8078959993218,143.9039479996609
80,21,412.5874230003319,206.29371150016595
80,22,369.15083499934553,184.57541749967277
80,23,276.9250840001405,138.46254200007024
80,24,334.7524729997531,167.37623649987654
80,25,278.8712179999493,139.43560899997465
80,26,310.381017000509,155.1905085002545
80,27,299.3768940004884,149.6884470002442
80,28,342.06094299952383,171.03047149976192
80,29,338.5180189998209,169.25900949991046
80,30,293.1455170000845,146.57275850004226
80,31,306.89168000026257,153.44584000013128
80,32,307.3299510006109,153.66497550030545
80,33,286.06694500012964,143.03347250006482
80,34,302.6709200003097,151.33546000015485
80,35,298.15903899998375,149.07951949999187
80,36,263.0730350001613,131.53651750008066
80,37,342.0575790005387,171.02878950026934
80,38,304.3028689999119,152.15143449995594
80,39,345.368500999939,172.6842504999695
80,40,400.4024939995361,200.20124699976805
80,41,490.0056569995286,245.0028284997643
80,42,306.7757749995508,153.3878874997754
80,43,366.29448199983017,183.14724099991508
80,44,307.71291500059306,153.85645750029653
80,45,291.56093199981115,145.78046599990557
80,46,307.8473559999111,153.92367799995554
80,47,313.5672460002752,156.7836230001376
80,48,310.999780000202,155.499890000101
80,49,285.1489459999357,142.57447299996784
80,50,328.71191399954114,164.35595699977057
80,51,346.9826379996448,173.4913189998224
80,52,301.75245800000994,150.87622900000497
80,53,318.2029320005313,159.10146600026565
80,54,355.35595500005,177.677977500025
80,55,308.9666509995368,154.4833254997684
80,56,308.32691399973555,154.16345699986778
80,57,329.1389739997612,164.5694869998806
80,58,299.9445149998792,149.9722574999396
80,59,290.86680699947465,145.43340349973732
80,60,415.77338599927316,207.88669299963658
80,61,399.833051999849,199.9165259999245
80,62,375.1269910007977,187.56349550039886
80,63,304.73272100061877,152.36636050030938
80,64,300.95033300040086,150.47516650020043
80,65,286.33821600033116,143.16910800016558
80,66,291.8585319994236,145.9292659997118
80,67,298.91910100013774,149.45955050006887
80,68,290.6593520001479,145.32967600007396
80,69,298.006826999881,149.0034134999405
80,70,289.0342849996159,144.51714249980796
80,71,275.3481070003545,137.67405350017725
80,72,298.52793000009115,149.26396500004557
80,73,356.1915870004668,178.0957935002334
80,74,291.26924899992446,145.63462449996223
80,75,297.854579000159,148.9272895000795
80,76,286.63529200002813,143.31764600001407
80,77,276.29359399998066,138.14679699999033
80,78,266.33652099917526,133.16826049958763
80,79,292.140126999584,146.070063499792
80,80,417.10560000046826,208.55280000023413
90,1,386.2344330000269,193.11721650001346
90,2,325.78923600067355,162.89461800033678
90,3,339.5043380005518,169.7521690002759
90,4,260.9766399991713,130.48831999958566
90,5,346.36021999995137,173.18010999997568
90,6,271.7576100003498,135.8788050001749
90,7,375.72974399972736,187.86487199986368
90,8,324.9775469994347,162.48877349971735
90,9,286.23761199924047,143.11880599962024
90,10,290.67904600015027,145.33952300007513
90,11,299.9873419994401,149.99367099972005
90,12,313.57987000046705,156.78993500023353
90,13,345.0016039996626,172.5008019998313
90,14,296.4902660005464,148.2451330002732
90,15,306.8563870001526,153.4281935000763
90,16,308.40937700031645,154.20468850015823
90,17,328.92908499979967,164.46454249989984
90,18,289.74248800022906,144.87124400011453
90,19,327.3985169998923,163.69925849994615
90,20,458.56349899986526,229.28174949993263
90,21,354.45916400021815,177.22958200010908
90,22,310.510708000038,155.255354000019
90,23,349.23156300010305,174.61578150005153
90,24,294.91059700012556,147.45529850006278
90,25,327.15986099992733,163.57993049996367
90,26,324.42813699981343,162.21406849990672
90,27,312.0975619995079,156.04878099975394
90,28,305.4951929998424,152.7475964999212
90,29,280.79225000055885,140.39612500027943
90,30,290.1365999996415,145.06829999982074
90,31,300.032074000228,150.016037000114
90,32,355.3506060006839,177.67530300034196
90,33,313.31393500022386,156.65696750011193
90,34,346.86721099933493,173.43360549966746
90,35,292.6514109994969,146.32570549974844
90,36,298.53115100013383,149.26557550006692
90,37,301.2981709998712,150.6490854999356
90,38,306.14365800011,153.071829000055
90,39,431.4212579993182,215.7106289996591
90,40,396.553469000537,198.2767345002685
90,41,284.6376940005939,142.31884700029696
90,42,306.2626509999973,153.13132549999864
90,43,363.14087500068126,181.57043750034063
90,44,317.9016509993744,158.9508254996872
90,45,278.9655579999817,139.48277899999084
90,46,297.3440159994425,148.67200799972125
90,47,317.14052299957984,158.57026149978992
90,48,254.83766500019556,127.41883250009778
90,49,298.6184689998481,149.30923449992406
90,50,294.33441900073376,147.16720950036688
90,51,296.32264700012456,148.16132350006228
90,52,289.5062240004336,144.7531120002168
90,53,329.08499800032587,164.54249900016293
90,54,321.73494800008484,160.86747400004242
90,55,315.3907469995829,157.69537349979146
90,56,321.8660740003543,160.93303700017714
90,57,286.9410510002126,143.4705255001063
90,58,317.34365499960404,158.67182749980202
90,59,399.7102899993479,199.85514499967394
90,60,399.8145650002698,199.9072825001349
90,61,292.7456199995504,146.3728099997752
90,62,306.9942890006132,153.4971445003066
90,63,307.9719289999048,153.9859644999524
90,64,347.41875599956984,173.70937799978492
90,65,324.3356200000562,162.1678100000281
90,66,331.9504800001596,165.9752400000798
90,67,323.3274940002957,161.66374700014785
90,68,307.7637579999646,153.8818789999823
90,69,312.1559880000859,156.07799400004296
90,70,300.5814680000185,150.29073400000925
90,71,332.02197100035846,166.01098550017923
90,72,363.1762760005586,181.5881380002793
90,73,330.51168200017855,165.25584100008928
90,74,360.5399739999484,180.2699869999742
90,75,351.67784199984453,175.83892099992227
90,76,329.1337239998029,164.56686199990145
90,77,307.91046699960134,153.95523349980067
90,78,361.4710550000382,180.7355275000191
90,79,403.594935000001,201.7974675000005
90,80,347.20362200005184,173.60181100002592
90,81,326.12010599950736,163.06005299975368
90,82,350.39974700066523,175.19987350033261
90,83,294.69411700029013,147.34705850014507
90,84,349.230288000399,174.6151440001995
90,85,430.9305480001058,215.4652740000529
90,86,344.77868500016484,172.38934250008242
90,87,320.8405209998091,160.42026049990454
90,88,349.59002100004,174.79501050002
90,89,318.12633099980303,159.06316549990152
90,90,524.2694830003529,262.13474150017646
100,1,336.9617449998259,168.48087249991295
100,2,360.0516530004825,180.02582650024124
100,3,352.39779200037447,176.19889600018723
100,4,367.10586400022294,183.55293200011147
100,5,359.05265400015196,179.52632700007598
100,6,354.6373660001336,177.3186830000668
100,7,400.0950380004724,200.0475190002362
100,8,326.46578300045803,163.23289150022902
100,9,284.339904999797,142.1699524998985
100,10,326.1023569993995,163.05117849969974
100,11,323.72676100021636,161.86338050010818
100,12,311.8262610005331,155.91313050026656
100,13,351.758282999981,175.8791414999905
100,14,332.51177400052256,166.25588700026128
100,15,350.0947160000578,175.0473580000289
100,16,344.3293440004709,172.16467200023544
100,17,321.6133780006203,160.80668900031014
100,18,333.71013200030575,166.85506600015287
100,19,363.29908700008673,181.64954350004336
100,20,340.7894160000069,170.39470800000345
100,21,301.7845730000772,150.8922865000386
100,22,329.73111499995866,164.86555749997933
100,23,345.43173399924854,172.71586699962427
100,24,299.0300699993895,149.51503499969476
100,25,305.4867489991011,152.74337449955055
100,26,399.40254900011496,199.70127450005748
100,27,372.62129400005506,186.31064700002753
100,28,315.5683469994983,157.78417349974916
100,29,335.0261999994473,167.51309999972364
100,30,319.41780099987227,159.70890049993614
100,31,366.44997599978524,183.22498799989262
100,32,328.2856660007383,164.14283300036914
100,33,392.1223800007283,196.06119000036415
100,34,284.0270060005423,142.01350300027116
100,35,321.0199510003804,160.5099755001902
100,36,391.4713969998047,195.73569849990236
100,37,334.05606700034696,167.02803350017348
100,38,346.2386889996196,173.1193444998098
100,39,300.634596999771,150.3172984998855
100,40,322.41137900018657,161.20568950009329
100,41,307.17355199976737,153.58677599988368
100,42,336.76833900062775,168.38416950031387
100,43,322.01856399933604,161.00928199966802
100,44,296.30043399993156,148.15021699996578
100,45,406.0480860007374,203.0240430003687
100,46,445.4811969999355,222.74059849996775
100,47,463.72631499980344,231.86315749990172
100,48,334.8868430002767,167.44342150013836
100,49,292.4279339995337,146.21396699976685
100,50,361.310278000019,180.6551390000095
100,51,344.1314259998762,172.0657129999381
100,52,344.3517019995852,172.1758509997926
100,53,335.3369989999919,167.66849949999596
100,54,336.9029879995651,168.45149399978254
100,55,325.6621720001931,162.83108600009655
100,56,387.9932039999403,193.99660199997015
100,57,316.97248599994055,158.48624299997027
100,58,321.14138299948536,160.57069149974268
100,59,303.9609770003153,151.98048850015766
100,60,375.0421169997935,187.52105849989675
100,61,330.18004299992754,165.09002149996377
100,62,341.16961600011564,170.58480800005782
100,63,435.947118000513,217.9735590002565
100,64,394.6181860001161,197.30909300005806
100,65,312.2810060003758,156.1405030001879
100,66,327.6112009998542,163.8056004999271
100,67,347.4054749995048,173.7027374997524
100,68,365.12339399996563,182.56169699998281
100,69,312.4117589995876,156.2058794997938
100,70,328.4735790002742,164.2367895001371
100,71,317.4400569996578,158.7200284998289
100,72,328.95124099923123,164.47562049961562
100,73,332.1337540000968,166.0668770000484
100,74,322.22835599986865,161.11417799993433
100,75,317.47264600016933,158.73632300008467
100,76,293.4079719998408,146.7039859999204
100,77,337.0335680001517,168.51678400007586
100,78,320.30299400048534,160.15149700024267
100,79,329.93729900044855,164.96864950022427
100,80,374.06628000007913,187.03314000003957
100,81,350.2025500001764,175.1012750000882
100,82,376.97575699985464,188.48787849992732
100,83,401.73042500009615,200.86521250004807
100,84,337.07018899985997,168.53509449992998
100,85,310.8792339999127,155.43961699995634
100,86,320.1110219997645,160.05551099988224
100,87,365.8456960001786,182.9228480000893
100,88,336.60679799959325,168.30339899979663
100,89,367.61190299966984,183.80595149983492
100,90,364.45968299995,182.229841499975
100,91,320.5322909998358,160.2661454999179
100,92,328.4320889997616,164.2160444998808
100,93,296.17737799981114,148.08868899990557
100,94,328.32719899943186,164.16359949971593
100,95,368.3083890000489,184.15419450002446
100,96,323.3398029997261,161.66990149986304
100,97,297.09394099972997,148.54697049986498
100,98,279.6250589999545,139.81252949997724
100,99,302.4643480002851,151.23217400014255
100,100,363.6201010003788,181.8100505001894
110,1,370.83001300015894,185.41500650007947
110,2,402.4480210000547,201.22401050002736
110,3,330.1166570008718,165.0583285004359
110,4,296.75743600000715,148.37871800000357
110,5,306.5485910001371,153.27429550006855
110,6,360.30941100034397,180.15470550017199
110,7,298.7524199998006,149.3762099999003
110,8,308.6375919992861,154.31879599964304
110,9,346.7866660002983,173.39333300014914
110,10,382.66915999975026,191.33457999987513
110,11,340.676464000353,170.3382320001765
110,12,343.72053400056757,171.86026700028378
110,13,290.88205999960337,145.44102999980169
110,14,263.48466999934317,131.74233499967158
110,15,357.713639999929,178.8568199999645
110,16,328.9489449998655,164.47447249993274
110,17,334.11174199954985,167.05587099977492
110,18,310.6038819996684,155.3019409998342
110,19,284.3858200003524,142.1929100001762
110,20,408.37073199963925,204.18536599981962
110,21,599.3419430005815,299.67097150029076
110,22,294.03212099987286,147.01606049993643
110,23,297.90551800033427,148.95275900016713
110,24,300.2758909997283,150.13794549986414
110,25,378.7532599999395,189.37662999996974
110,26,370.9989590006444,185.4994795003222
110,27,331.7278750000696,165.8639375000348
110,28,307.6672429997416,153.8336214998708
110,29,317.38962000054016,158.69481000027008
110,30,289.55799499999557,144.77899749999779
110,31,402.96569600013754,201.48284800006877
110,32,294.73410500031605,147.36705250015802
110,33,285.96792400003324,142.98396200001662
110,34,286.9477309996,143.4738654998
110,35,284.0977310006565,142.04886550032825
110,36,276.3784130002023,138.18920650010114
110,37,306.37837199992646,153.18918599996323
110,38,318.14330799988966,159.07165399994483
110,39,285.3686809994542,142.6843404997271
110,40,468.3090110002013,234.15450550010064
110,41,441.77406300059374,220.88703150029687
110,42,365.6470119994992,182.8235059997496
110,43,351.721625999744,175.860812999872
110,44,325.8543029996872,162.9271514998436
110,45,291.19530100069824,145.59765050034912
110,46,262.3796660000153,131.18983300000764
110,47,275.5410190002294,137.7705095001147
110,48,290.19812000024103,145.09906000012052
110,49,300.64077000042744,150.32038500021372
110,50,269.68562999991263,134.84281499995632
110,51,292.96352499932254,146.48176249966127
110,52,319.4082289992366,159.7041144996183
110,53,291.2817010001163,145.64085050005815
110,54,319.38287499997386,159.69143749998693
110,55,330.58027800052514,165.29013900026257
110,56,275.55758400012564,137.77879200006282
110,57,309.54762599958485,154.77381299979243
110,58,282.61875600037456,141.30937800018728
110,59,287.5737209997169,143.78686049985845
110,60,406.4483909996852,203.2241954998426
110,61,336.88848599922494,168.44424299961247
110,62,257.9231469999286,128.9615734999643
110,63,303.90838099992834,151.95419049996417
110,64,314.61250800020935,157.30625400010467
110,65,310.1303339999504,155.0651669999752
110,66,266.4479350005422,133.2239675002711
110,67,292.32414299985976,146.16207149992988
110,68,268.1871630002206,134.0935815001103
110,69,308.66250899998704,154.33125449999352
110,70,307.8610310003569,153.93051550017844
110,71,271.760765000181,135.8803825000905
110,72,355.00421699998697,177.50210849999348
110,73,297.20888000065315,148.60444000032658
110,74,296.79092000060336,148.39546000030168
110,75,303.0295969992949,151.51479849964744
110,76,314.32472100004816,157.16236050002408
110,77,317.1103670001685,158.55518350008424
110,78,311.23290699997597,155.61645349998798
110,79,282.67132900055003,141.33566450027502
110,80,378.9543919992866,189.4771959996433
110,81,399.59898500001145,199.79949250000573
110,82,310.12087399994925,155.06043699997463
110,83,341.21663399946556,170.60831699973278
110,84,298.4962689997701,149.24813449988505
110,85,371.182661999228,185.591330999614
110,86,284.30738499992003,142.15369249996002
110,87,323.3469779997904,161.6734889998952
110,88,346.0647619995143,173.03238099975715
110,89,303.7684470000386,151.8842235000193
110,90,320.53955100036546,160.26977550018273
110,91,309.5937390007748,154.7968695003874
110,92,320.15177399989625,160.07588699994812
110,93,299.27001299984113,149.63500649992056
110,94,313.27204300032463,156.63602150016231
110,95,276.7766329998267,138.38831649991334
110,96,354.4415830001526,177.2207915000763
110,97,295.0151689992708,147.5075844996354
110,98,339.65755499957595,169.82877749978798
110,99,385.30480499957775,192.65240249978888
110,100,402.15523799997754,201.07761899998877
110,101,313.03425899932336,156.51712949966168
110,102,365.91910400056804,182.95955200028402
110,103,301.55033899973205,150.77516949986602
110,104,313.3556980001231,156.67784900006154
110,105,337.63756299958914,168.81878149979457
110,106,296.46465000041644,148.23232500020822
110,107,313.76334099968517,156.88167049984258
110,108,369.9446430000535,184.97232150002674
110,109,291.61566299990227,145.80783149995113
110,110,291.5601249997053,145.78006249985265
120,1,297.75950700059184,148.87975350029592
120,2,287.67802200036385,143.83901100018193
120,3,295.6857420003871,147.84287100019355
120,4,280.638180999631,140.3190904998155
120,5,282.97610800018447,141.48805400009223
120,6,323.4236880007302,161.7118440003651
120,7,276.0908600002949,138.04543000014746
120,8,285.88426999976946,142.94213499988473
120,9,459.9569310003062,229.9784655001531
120,10,400.05156100050954,200.02578050025477
120,11,303.10816099972726,151.55408049986363
120,12,300.161238000328,150.080619000164
120,13,310.5439959999785,155.27199799998925
120,14,297.10749900004885,148.55374950002442
120,15,294.0455010002552,147.0227505001276
120,16,307.8575859999546,153.9287929999773
120,17,299.03959300008864,149.51979650004432
120,18,316.21491400073864,158.10745700036932
120,19,281.92986200065207,140.96493100032603
120,20,311.95320100050594,155.97660050025297
120,21,317.6148809998267,158.80744049991335
120,22,309.98169499980577,154.99084749990288
120,23,324.10570199954236,162.05285099977118
120,24,318.0999129999691,159.04995649998455
120,25,341.865312999289,170.9326564996445
120,26,363.229140999465,181.6145704997325
120,27,300.2058530000795,150.10292650003976
120,28,293.02475700023933,146.51237850011967
120,29,504.5066909997331,252.25334549986655
120,30,337.45189599994774,168.72594799997387
120,31,344.1104940002333,172.05524700011665
120,32,302.54516399963904,151.27258199981952
120,33,341.2278290006725,170.61391450033625
120,34,342.1927079998568,171.0963539999284
120,35,287.143828999433,143.5719144997165
120,36,330.48971700009133,165.24485850004567
120,37,352.0072829996934,176.0036414998467
120,38,364.5423199996003,182.27115999980015
120,39,346.2922670005355,173.14613350026775
120,40,270.0140780007132,135.0070390003566
120,41,285.8354820000386,142.9177410000193
120,42,300.6359099999827,150.31795499999134
120,43,286.49362300075154,143.24681150037577
120,44,301.37860600007116,150.68930300003558
120,45,294.82152400032646,147.41076200016323
120,46,323.1615390004663,161.58076950023315
120,47,314.9785420000626,157.4892710000313
120,48,368.0427460003557,184.02137300017785
120,49,504.8138049996851,252.40690249984254
120,50,325.6002759999319,162.80013799996595
120,51,300.4086049995749,150.20430249978745
120,52,330.8686989994385,165.43434949971925
120,53,271.709739000471,135.8548695002355
120,54,289.5415539996975,144.77077699984875
120,55,301.1697259998982,150.5848629999491
120,56,314.10677999974723,157.05338999987362
120,57,292.33321499941667,146.16660749970833
120,58,294.3371819992535,147.16859099962676
120,59,360.3229939999437,180.16149699997186
120,60,304.96202900030767,152.48101450015383
120,61,288.9503850001347,144.47519250006735
120,62,299.2254390001108,149.6127195000554
120,63,371.2028729996746,185.6014364998373
120,64,348.1844119996822,174.0922059998411
120,65,303.88599399975647,151.94299699987823
120,66,319.8380250005357,159.91901250026785
120,67,286.8184700000711,143.40923500003555
120,68,388.170799999898,194.085399999949
120,69,388.56292400032544,194.28146200016272
120,70,348.21897900019394,174.10948950009697
120,71,344.80774399980874,172.40387199990437
120,72,277.6057729997774,138.8028864998887
120,73,313.9923569997336,156.9961784998668
120,74,329.0696519998164,164.5348259999082
120,75,291.2601899997753,145.63009499988766
120,76,292.7666949999548,146.3833474999774
120,77,332.58112400017126,166.29056200008563
120,78,280.0889720001578,140.0444860000789
120,79,317.1455880001304,158.5727940000652
120,80,295.19463700034976,147.59731850017488
120,81,309.456253999997,154.7281269999985
120,82,385.9928720003154,192.9964360001577
120,83,290.5387620003239,145.26938100016196
120,84,288.7822729999243,144.39113649996216
120,85,299.52506399968115,149.76253199984058
120,86,319.63722799991956,159.81861399995978
120,87,388.9279009999882,194.4639504999941
120,88,396.2004380000508,198.1002190000254
120,89,333.5384759993758,166.7692379996879
120,90,276.1630659997536,138.0815329998768
120,91,304.899222000131,152.4496110000655
120,92,310.6846049995511,155.34230249977554
120,93,319.6433529992646,159.8216764996323
120,94,288.11132600003475,144.05566300001738
120,95,325.08858799974405,162.54429399987202
120,96,285.36719600015203,142.68359800007602
120,97,288.60389399960695,144.30194699980348
120,98,291.4927420006279,145.74637100031396
120,99,279.8969940004099,139.94849700020495
120,100,319.1489049995653,159.57445249978264
120,101,344.81943500031775,172.40971750015888
120,102,389.33375099986733,194.66687549993367
120,103,351.91530599968246,175.95765299984123
120,104,304.4340659998852,152.2170329999426
120,105,292.8434469995409,146.42172349977045
120,106,323.01661200017406,161.50830600008703
120,107,463.9407439999559,231.97037199997794
120,108,400.1470720004363,200.07353600021816
120,109,302.9689619997953,151.48448099989764
120,110,302.14383800012,151.07191900006
120,111,304.6050220000325,152.30251100001624
120,112,347.63621799993416,173.81810899996708
120,113,365.3620659997614,182.6810329998807
120,114,383.742871999857,191.8714359999285
120,115,340.2876959999048,170.1438479999524
120,116,304.05792800047493,152.02896400023747
120,117,286.8480009992709,143.42400049963544
120,118,255.8850840005107,127.94254200025534
120,119,302.8478059995905,151.42390299979525
120,120,290.3212679993885,145.16063399969426
130,1,309.4090699996741,154.70453499983705
130,2,281.6049809998731,140.80249049993654
130,3,306.99330900006316,153.49665450003158
130,4,314.97400699936406,157.48700349968203
130,5,357.81738800051244,178.90869400025622
130,6,428.0622480000602,214.0311240000301
130,7,399.59642400026496,199.79821200013248
130,8,276.03327600081684,138.01663800040842
130,9,341.492487999858,170.746243999929
130,10,254.23008699999627,127.11504349999814
130,11,270.942369000295,135.4711845001475
130,12,326.3489870005287,163.17449350026436
130,13,318.83656199988764,159.41828099994382
130,14,290.53431099964655,145.26715549982328
130,15,330.20154899986665,165.10077449993332
130,16,316.82357499994396,158.41178749997198
130,17,314.17972300005204,157.08986150002602
130,18,289.2220960002305,144.61104800011526
130,19,309.62219999946683,154.81109999973341
130,20,314.85728999996354,157.42864499998177
130,21,285.32132700001966,142.66066350000983
130,22,346.6303999994125,173.31519999970624
130,23,306.8735139995624,153.4367569997812
130,24,290.233564999653,145.1167824998265
130,25,355.34879399983765,177.67439699991883
130,26,458.02805299990723,229.01402649995362
130,27,396.87488399977155,198.43744199988578
130,28,304.55358299968793,152.27679149984397
130,29,346.23778500008484,173.11889250004242
130,30,268.40615200035245,134.20307600017622
130,31,300.5799989996376,150.2899994998188
130,32,332.86538399988785,166.43269199994393
130,33,272.17310100058967,136.08655050029483
130,34,310.37270099932357,155.18635049966178
130,35,288.7480300005336,144.3740150002668
130,36,281.0046250006053,140.50231250030265
130,37,274.9809480001204,137.4904740000602
130,38,297.47396200036746,148.73698100018373
130,39,296.66439299944614,148.33219649972307
130,40,275.0700569995388,137.5350284997694
130,41,286.82928099988203,143.41464049994102
130,42,286.29130399986025,143.14565199993012
130,43,316.31662899962976,158.15831449981488
130,44,299.9229209999612,149.9614604999806
130,45,286.849371000244,143.424685500122
130,46,364.08626299999014,182.04313149999507
130,47,405.1625410002089,202.58127050010444
130,48,339.4956900001489,169.74784500007445
130,49,319.5373030002884,159.7686515001442
130,50,290.3405630004272,145.1702815002136
130,51,325.6123299997853,162.80616499989264
130,52,312.16207899979054,156.08103949989527
130,53,297.56789400016714,148.78394700008357
130,54,324.38792799985094,162.19396399992547
130,55,289.5136570004979,144.75682850024896
130,56,373.5601059997862,186.7800529998931
130,57,254.49496100009128,127.24748050004564
130,58,279.8100059999342,139.9050029999671
130,59,318.44522900064476,159.22261450032238
130,60,301.04662099984125,150.52331049992063
130,61,297.14398399937636,148.57199199968818
130,62,283.13496000009764,141.56748000004882
130,63,299.15611399974296,149.57805699987148
130,64,281.536471000436,140.768235500218
130,65,292.45588699996006,146.22794349998003
130,66,412.5438529999883,206.27192649999415
130,67,398.4481830002551,199.22409150012754
130,68,278.9843390000897,139.49216950004484
130,69,290.2722700000595,145.13613500002975
130,70,307.2440639998604,153.6220319999302
130,71,285.6934530000217,142.84672650001085
130,72,310.84586900033173,155.42293450016587
130,73,317.31674499951623,158.65837249975812
130,74,315.38394300059736,157.69197150029868
130,75,280.0791780000509,140.03958900002544
130,76,362.62411499956215,181.31205749978108
130,77,278.20487700046215,139.10243850023107
130,78,275.6898569996338,137.8449284998169
130,79,283.328946000438,141.664473000219
130,80,266.56399999956193,133.28199999978096
130,81,303.56673400001455,151.78336700000727
130,82,272.7102479993846,136.3551239996923
130,83,327.41158499993617,163.70579249996808
130,84,308.00091800028895,154.00045900014447
130,85,291.7859879999014,145.8929939999507
130,86,342.28487399923324,171.14243699961662
130,87,495.7089850004195,247.85449250020974
130,88,284.47791100006725,142.23895550003363
130,89,292.08337199997914,146.04168599998957
130,90,310.3351180006939,155.16755900034696
130,91,321.0818490006204,160.5409245003102
130,92,300.95242999959737,150.47621499979869
130,93,303.5739279994232,151.7869639997116
130,94,345.36906499943143,172.68453249971571
130,95,273.3198640007686,136.6599320003843
130,96,277.5005160001456,138.7502580000728
130,97,363.8345869994737,181.91729349973684
130,98,395.9044849998463,197.95224249992316
130,99,301.71541799973056,150.85770899986528
130,100,296.36733000006643,148.18366500003322
130,101,332.43893800045043,166.21946900022522
130,102,326.96509000015794,163.48254500007897
130,103,317.73129000066547,158.86564500033273
130,104,337.08595499956573,168.54297749978286
130,105,278.36633500010066,139.18316750005033
130,106,437.3082290003367,218.65411450016836
130,107,370.96755799939274,185.48377899969637
130,108,313.9812420004091,156.99062100020456
130,109,301.8978159998369,150.94890799991845
130,110,319.97660100023495,159.98830050011748
130,111,330.1670759992703,165.08353799963515
130,112,298.2166949996099,149.10834749980495
130,113,321.8582689996765,160.92913449983826
130,114,324.5137479998448,162.2568739999224
130,115,301.20685400015645,150.60342700007823
130,116,298.43222700037586,149.21611350018793
130,117,317.4328559998685,158.71642799993424
130,118,317.44192899986956,158.72096449993478
130,119,285.44141900056275,142.72070950028137
130,120,302.9483179998351,151.47415899991756
130,121,276.11847200023476,138.05923600011738
130,122,301.82291899927804,150.91145949963902
130,123,270.8675479998419,135.43377399992096
130,124,310.9338820004268,155.4669410002134
130,125,270.07479399981094,135.03739699990547
130,126,457.1473659998446,228.5736829999223
130,127,366.76461000024574,183.38230500012287
130,128,312.44645999959175,156.22322999979588
130,129,332.2864149995439,166.14320749977196
130,130,353.9638180000111,176.98190900000554
140,1,298.00659000011365,149.00329500005682
140,2,299.11384000024555,149.55692000012277
140,3,350.78893399986555,175.39446699993277
140,4,313.0376539993449,156.51882699967246
140,5,303.85396699966805,151.92698349983402
140,6,297.2735550001744,148.6367775000872
140,7,320.0667640003303,160.03338200016515
140,8,280.2591310000935,140.12956550004674
140,9,319.837302000451,159.9186510002255
140,10,359.4141369994759,179.70706849973794
140,11,300.62326600000233,150.31163300000117
140,12,308.9812180005538,154.4906090002769
140,13,317.63568600035796,158.81784300017898
140,14,286.4751339993745,143.23756699968726
140,15,363.3363979997739,181.66819899988695
140,16,401.34463499998674,200.67231749999337
140,17,301.23138500039204,150.61569250019602
140,18,283.46776599937584,141.73388299968792
140,19,307.58609300028183,153.79304650014092
140,20,328.64159400014614,164.32079700007307
140,21,386.0056210005496,193.0028105002748
140,22,295.6334999998944,147.8167499999472
140,23,292.3583769998004,146.1791884999002
140,24,311.9326109999747,155.96630549998736
140,25,303.9269870005228,151.9634935002614
140,26,347.8236040000411,173.91180200002054
140,27,310.5877109992434,155.2938554996217
140,28,347.94945400062716,173.97472700031358
140,29,280.02504500000214,140.01252250000107
140,30,309.49092199989536,154.74546099994768
140,31,320.82214599995496,160.41107299997748
140,32,305.4601559997536,152.7300779998768
140,33,331.14011800080334,165.57005900040167
140,34,728.9445040005376,364.4722520002688
140,35,397.9485689997091,198.97428449985455
140,36,323.06343900017964,161.53171950008982
140,37,288.31473299942445,144.15736649971223
140,38,341.9093989996327,170.95469949981634
140,39,328.5306150000906,164.2653075000453
140,40,280.6882350005253,140.34411750026266
140,41,385.35692200002813,192.67846100001407
140,42,333.4995550003441,166.74977750017206
140,43,325.02108400058205,162.51054200029103
140,44,282.95565899952635,141.47782949976317
140,45,318.8469280003119,159.42346400015595
140,46,336.74665599937725,168.37332799968863
140,47,312.24516400016,156.12258200008
140,48,303.3935499997824,151.6967749998912
140,49,311.2338749997434,155.6169374998717
140,50,306.99107500004175,153.49553750002087
140,51,348.6289830007081,174.31449150035405
140,52,350.7073360005961,175.35366800029806
140,53,415.4272260002472,207.7136130001236
140,54,397.0427430003838,198.5213715001919
140,55,342.9047660001743,171.45238300008714
140,56,285.73346200028027,142.86673100014013
140,57,316.76715799949307,158.38357899974653
140,58,303.19680199954746,151.59840099977373
140,59,294.25524399994174,147.12762199997087
140,60,332.05482899938943,166.02741449969471
140,61,286.8494690001171,143.42473450005855
140,62,291.5436329994918,145.7718164997459
140,63,353.206768999371,176.6033844996855
140,64,325.97096799963765,162.98548399981883
140,65,311.58076799965784,155.79038399982892
140,66,309.9248720000105,154.96243600000525
140,67,317.28623999970296,158.64311999985148
140,68,297.7960970001732,148.8980485000866
140,69,300.9896280000248,150.4948140000124
140,70,380.5546929997945,190.27734649989725
140,71,299.55235999932484,149.77617999966242
140,72,319.22151500020846,159.61075750010423
140,73,530.1766389993645,265.08831949968226
140,74,359.0254170003391,179.51270850016954
140,75,318.4641489997375,159.23207449986876
140,76,330.6146439999793,165.30732199998965
140,77,292.7088349997575,146.35441749987876
140,78,322.62887399974716,161.31443699987358
140,79,333.0621949999113,166.53109749995565
140,80,291.91633999926125,145.95816999963063
140,81,291.74285899989627,145.87142949994814
140,82,285.33852100008517,142.66926050004258
140,83,328.90476300053706,164.45238150026853
140,84,323.9765809994424,161.9882904997212
140,85,323.38702800007013,161.69351400003507
140,86,343.77360500002396,171.88680250001198
140,87,331.5881830003491,165.79409150017455
140,88,307.5741169996036,153.7870584998018
140,89,346.63444900070317,173.31722450035159
140,90,306.66664199998195,153.33332099999097
140,91,285.194868999497,142.5974344997485
140,92,367.19357800029684,183.59678900014842
140,93,505.7551629997761,252.87758149988804
140,94,370.7246390004002,185.3623195002001
140,95,356.2974040005429,178.14870200027144
140,96,331.7706369998632,165.8853184999316
140,97,391.06334400003107,195.53167200001553
140,98,352.8022439995766,176.4011219997883
140,99,557.3335169992788,278.6667584996394
140,100,330.43238499976724,165.21619249988362
140,101,316.02927899984934,158.01463949992467
140,102,357.4911469995641,178.74557349978204
140,103,300.8036600003834,150.4018300001917
140,104,369.88691500027926,184.94345750013963
140,105,305.1172340001358,152.5586170000679
140,106,306.91303399999015,153.45651699999507
140,107,323.2853999998042,161.6426999999021
140,108,323.9725620005629,161.98628100028145
140,109,316.6307499996037,158.31537499980186
140,110,289.3689330003326,144.6844665001663
140,111,388.77620000039315,194.38810000019657
140,112,369.9701850000565,184.98509250002826
140,113,358.4747779996178,179.2373889998089
140,114,310.07007700009126,155.03503850004563
140,115,337.25715299988224,168.62857649994112
140,116,305.2509850003844,152.6254925001922
140,117,460.7051670000146,230.3525835000073
140,118,284.0261930004999,142.01309650024996
140,119,292.7389559999938,146.3694779999969
140,120,284.72335300011764,142.36167650005882
140,121,313.35039799978404,156.67519899989202
140,122,328.7805109994224,164.3902554997112
140,123,330.68705200003023,165.34352600001512
140,124,380.0290010003664,190.0145005001832
140,125,316.78616399949533,158.39308199974766
140,126,323.61523599956854,161.80761799978427
140,127,307.73940200015204,153.86970100007602
140,128,308.9079100000163,154.45395500000814
140,129,288.22274499998457,144.11137249999229
140,130,391.0112029998345,195.50560149991725
140,131,398.76876800008176,199.38438400004088
140,132,325.661122999918,162.830561499959
140,133,291.28242100068746,145.64121050034373
140,134,300.8369159997528,150.4184579998764
140,135,271.6899309998553,135.84496549992764
140,136,320.9927689995311,160.49638449976555
140,137,300.11436400036473,150.05718200018237
140,138,304.2638490005629,152.13192450028146
140,139,323.31734000035794,161.65867000017897
140,140,297.562939999807,148.7814699999035
150,1,287.5920939995922,143.7960469997961
150,2,294.9808479997955,147.49042399989776
150,3,298.788482999953,149.3942414999765
150,4,312.69485099983285,156.34742549991643
150,5,318.4498580003492,159.2249290001746
150,6,301.90706699977454,150.95353349988727
150,7,298.9937380007177,149.49686900035886
150,8,320.44584000050236,160.22292000025118
150,9,305.90925399974367,152.95462699987183
150,10,409.61475699987204,204.80737849993602
150,11,405.24151299996447,202.62075649998224
150,12,323.59099600034824,161.79549800017412
150,13,284.9326830000791,142.46634150003956
150,14,387.2579169992605,193.62895849963024
150,15,326.13273200058757,163.06636600029378
150,16,311.3360380002632,155.6680190001316
150,17,279.62279799976386,139.81139899988193
150,18,312.6539699997011,156.32698499985054
150,19,317.4553939998077,158.72769699990386
150,20,268.6846630003856,134.3423315001928
150,21,312.208639000346,156.104319500173
150,22,307.7376749997711,153.86883749988556
150,23,272.7244990001054,136.3622495000527
150,24,334.85200600080134,167.42600300040067
150,25,301.71990800045023,150.85995400022512
150,26,306.2477769999532,153.1238884999766
150,27,315.56195900066086,157.78097950033043
150,28,326.9779939992077,163.48899699960384
150,29,276.49715099960304,138.24857549980152
150,30,423.660103999282,211.830051999641
150,31,371.13503599994146,185.56751799997073
150,32,302.6273770001353,151.31368850006766
150,33,308.11698000070464,154.05849000035232
150,34,335.9201020002729,167.96005100013645
150,35,342.2864189997199,171.14320949985995
150,36,349.44006299974717,174.72003149987358
150,37,363.4942799999408,181.7471399999704
150,38,307.16359500002,153.58179750001
150,39,266.8491120002727,133.42455600013636
150,40,287.65708900027676,143.82854450013838
150,41,296.733975999814,148.366987999907
150,42,332.5180869996984,166.2590434998492
150,43,272.5604699999167,136.28023499995834
150,44,338.10129900030006,169.05064950015003
150,45,296.6926589997456,148.3463294998728
150,46,275.72862900069595,137.86431450034797
150,47,300.75269900044077,150.37634950022039
150,48,318.992473000435,159.4962365002175
150,49,322.2182420004174,161.1091210002087
150,50,402.67181699982757,201.33590849991378
150,51,336.1235880001914,168.0617940000957
150,52,297.05998600002204,148.52999300001102
150,53,307.7838959998189,153.89194799990946
150,54,309.9404520007738,154.9702260003869
150,55,287.55359900060284,143.77679950030142
150,56,321.36370799980796,160.68185399990398
150,57,343.0119710001236,171.5059855000618
150,58,339.01417200013384,169.50708600006692
150,59,325.73831700028677,162.86915850014339
150,60,285.906277000322,142.953138500161
150,61,316.50152300062473,158.25076150031236
150,62,297.2625140000673,148.63125700003366
150,63,302.49709999952756,151.24854999976378
150,64,305.9956630004308,152.9978315002154
150,65,345.61224000026414,172.80612000013207
150,66,368.44182799995906,184.22091399997953
150,67,318.716165999831,159.3580829999155
150,68,355.73535799994715,177.86767899997358
150,69,532.1735389998139,266.08676949990695
150,70,346.57724699991377,173.28862349995688
150,71,430.4346790004274,215.2173395002137
150,72,429.1197070006092,214.5598535003046
150,73,995.9663949994138,497.9831974997069
150,74,352.28658500000165,176.14329250000083
150,75,340.59396000066045,170.29698000033022
150,76,339.6427080006106,169.8213540003053
150,77,385.1998079999248,192.5999039999624
150,78,430.7158539995726,215.3579269997863
150,79,328.25228099954984,164.12614049977492
150,80,363.283433000106,181.641716500053
150,81,494.7374089997538,247.3687044998769
150,82,335.03029700023035,167.51514850011517
150,83,313.9930090001144,156.9965045000572
150,84,302.11203299950284,151.05601649975142
150,85,406.16158899956645,203.08079449978322
150,86,398.28713500082813,199.14356750041406
150,87,350.37181400002737,175.18590700001369
150,88,333.5521199996947,166.77605999984735
150,89,351.7460419998315,175.87302099991575
150,90,378.6875739997413,189.34378699987064
150,91,325.0554109999939,162.52770549999696
150,92,395.940168999914,197.970084499957
150,93,356.16505699999834,178.08252849999917
150,94,337.35206500023196,168.67603250011598
150,95,344.4417459995748,172.2208729997874
150,96,325.56579199990665,162.78289599995333
150,97,337.33595200010313,168.66797600005157
150,98,405.9618019991831,202.98090099959154
150,99,493.64201100070204,246.82100550035102
150,100,327.5957159994505,163.79785799972524
150,101,395.54160900024726,197.77080450012363
150,102,336.5373060005368,168.2686530002684
150,103,400.19223600029363,200.09611800014682
150,104,598.2191639996017,299.10958199980087
150,105,328.6467959997026,164.3233979998513
150,106,348.44729699943855,174.22364849971927
150,107,375.6006229996274,187.8003114998137
150,108,287.1209209997687,143.56046049988436
150,109,333.6306780001905,166.81533900009526
150,110,357.8549739995651,178.92748699978256
150,111,343.3201139996527,171.66005699982634
150,112,339.7587729996303,169.87938649981515
150,113,320.812283000123,160.4061415000615
150,114,315.1770160002343,157.58850800011714
150,115,342.9793180002889,171.48965900014446
150,116,362.90181599997595,181.45090799998798
150,117,358.87172000002465,179.43586000001233
150,118,387.9985660005332,193.9992830002666
150,119,302.1903070002736,151.0951535001368
150,120,317.6384529997449,158.81922649987246
150,121,338.56835099959426,169.28417549979713
150,122,429.33799200000067,214.66899600000033
150,123,368.6840949994803,184.34204749974015
150,124,343.027589000485,171.5137945002425
150,125,336.3342550001107,168.16712750005536
150,126,331.4119819997359,165.70599099986794
150,127,340.34303600037674,170.17151800018837
150,128,327.9668609993678,163.9834304996839
150,129,417.79860200040275,208.89930100020138
150,130,327.53814099942247,163.76907049971123
150,131,312.9322079994381,156.46610399971905
150,132,342.99417700003687,171.49708850001844
150,133,366.313368000192,183.156684000096
150,134,374.0454859998863,187.02274299994315
150,135,324.5070160000978,162.2535080000489
150,136,355.0247749999471,177.51238749997356
150,137,338.0571959996814,169.0285979998407
150,138,330.5205179995028,165.2602589997514
150,139,328.80699599991203,164.40349799995602
150,140,522.8374629996324,261.4187314998162
150,141,400.18896300080087,200.09448150040043
150,142,298.61730499942496,149.30865249971248
150,143,333.68165499996394,166.84082749998197
150,144,315.9717120006462,157.9858560003231
150,145,313.73346999953355,156.86673499976678
150,146,376.730917999339,188.3654589996695
150,147,355.6897250000475,177.84486250002374
150,148,382.0220019997578,191.0110009998789
150,149,362.123187999714,181.061593999857
150,150,383.74137400023756,191.87068700011878
160,1,355.0039869996908,177.5019934998454
160,2,351.65501500068785,175.82750750034393
160,3,325.3258119993916,162.6629059996958
160,4,362.5272359995506,181.2636179997753
160,5,322.90397999986453,161.45198999993227
160,6,319.91602200014313,159.95801100007156
160,7,370.96808799924474,185.48404399962237
160,8,366.48729299940896,183.24364649970448
160,9,394.3871470000886,197.1935735000443
160,10,446.8696069998259,223.43480349991296
160,11,391.4863919999334,195.7431959999667
160,12,338.4984350004743,169.24921750023714
160,13,322.04222200016375,161.02111100008187
160,14,330.9937570002148,165.4968785001074
160,15,549.8463739995714,274.9231869997857
160,16,315.74216300032276,157.87108150016138
160,17,344.7877670005255,172.39388350026275
160,18,368.39610199967865,184.19805099983932
160,19,391.2861659991904,195.6430829995952
160,20,318.8781150001887,159.43905750009435
160,21,382.6334979994499,191.31674899972495
160,22,372.9657819994827,186.48289099974136
160,23,385.51349000044866,192.75674500022433
160,24,323.2898340002066,161.6449170001033
160,25,361.8025050000142,180.9012525000071
160,26,340.6810369997402,170.3405184998701
160,27,401.90188299948204,200.95094149974102
160,28,409.64359499957936,204.82179749978968
160,29,508.1216600001426,254.0608300000713
160,30,328.3749350002836,164.1874675001418
160,31,371.5981389996159,185.79906949980796
160,32,313.0686569993486,156.5343284996743
160,33,325.0454990002254,162.5227495001127
160,34,408.6536340000748,204.3268170000374
160,35,333.6801280001964,166.8400640000982
160,36,365.1922460003334,182.5961230001667
160,37,368.760325999574,184.380162999787
160,38,327.06386699919676,163.53193349959838
160,39,355.14068200063775,177.57034100031888
160,40,340.27517899994564,170.13758949997282
160,41,317.3966520007525,158.69832600037626
160,42,430.381942999702,215.190971499851
160,43,549.1572760001873,274.57863800009363
160,44,440.0603949998185,220.03019749990926
160,45,600.236039000265,300.1180195001325
160,46,313.6420700002418,156.8210350001209
160,47,342.2063239995623,171.10316199978115
160,48,564.6746559996245,282.33732799981226
160,49,339.64027000001806,169.82013500000903
160,50,321.4163530001315,160.70817650006575
160,51,309.986764000314,154.993382000157
160,52,332.6642920001177,166.33214600005886
160,53,510.594337000839,255.2971685004195
160,54,336.20572200015886,168.10286100007943
160,55,347.2061830007078,173.6030915003539
160,56,340.07226199992147,170.03613099996073
160,57,335.3107290004118,167.6553645002059
160,58,418.1075719998262,209.0537859999131
160,59,384.6560629999658,192.3280314999829
160,60,444.1286430001128,222.0643215000564
160,61,328.0400479998207,164.02002399991034
160,62,425.60502200012706,212.80251100006353
160,63,386.9485019995409,193.47425099977045
160,64,342.54558799966617,171.27279399983308
160,65,311.09767199995986,155.54883599997993
160,66,333.2440000003771,166.62200000018856
160,67,433.690115999525,216.8450579997625
160,68,489.25076499926945,244.62538249963472
160,69,348.02218599998014,174.01109299999007
160,70,349.5462270002463,174.77311350012315
160,71,355.3976760003934,177.6988380001967
160,72,347.1885609997116,173.5942804998558
160,73,315.8680530004858,157.9340265002429
160,74,384.97834500049066,192.48917250024533
160,75,308.8233529997524,154.4116764998762
160,76,299.31958300039696,149.65979150019848
160,77,388.3395359998758,194.1697679999379
160,78,326.46886599923164,163.23443299961582
160,79,321.01196799976606,160.50598399988303
160,80,440.8227289995921,220.41136449979604
160,81,383.4963159997642,191.7481579998821
160,82,400.27731800000765,200.13865900000383
160,83,368.17083499954606,184.08541749977303
160,84,364.53119900033926,182.26559950016963
160,85,819.0734159998101,409.53670799990505
160,86,294.9504669995804,147.4752334997902
160,87,337.5260610000623,168.76303050003116
160,88,278.4360529994956,139.2180264997478
160,89,296.1779719998958,148.0889859999479
160,90,295.29501700017136,147.64750850008568
160,91,338.34275499975774,169.17137749987887
160,92,544.8651509996125,272.43257549980626
160,93,433.5886139997456,216.7943069998728
160,94,289.37617799965665,144.68808899982832
160,95,337.08831900003133,168.54415950001567
160,96,297.10364600032335,148.55182300016168
160,97,289.8589679998622,144.9294839999311
160,98,285.7454479999433,142.87272399997164
160,99,284.18081300060294,142.09040650030147
160,100,301.05949900007545,150.52974950003772
160,101,292.6451460007229,146.32257300036144
160,102,282.4770670004,141.2385335002
160,103,452.8754029997799,226.43770149988995
160,104,304.78990899973724,152.39495449986862
160,105,255.3741159999845,127.68705799999225
160,106,286.9620080000459,143.48100400002295
160,107,326.3898320001317,163.19491600006586
160,108,337.42454999992333,168.71227499996166
160,109,293.5723559994585,146.78617799972926
160,110,300.766977999956,150.383488999978
160,111,296.4104420007061,148.20522100035305
160,112,294.67562300033023,147.33781150016512
160,113,364.63453300075344,182.31726650037672
160,114,300.21281500012265,150.10640750006132
160,115,289.59753700019064,144.79876850009532
160,116,285.50640499997826,142.75320249998913
160,117,293.13485599959677,146.56742799979838
160,118,324.04312300059246,162.02156150029623
160,119,345.00662600021315,172.50331300010657
160,120,301.74659400017845,150.87329700008922
160,121,312.0215790004295,156.01078950021474
160,122,339.6112450000146,169.8056225000073
160,123,302.6731039999504,151.3365519999752
160,124,303.9717029996609,151.98585149983046
160,125,285.8863419996851,142.94317099984255
160,126,291.64286499963055,145.82143249981527
160,127,320.9149240001352,160.4574620000676
160,128,355.6475090008462,177.8237545004231
160,129,348.93334600019443,174.46667300009722
160,130,344.069887999467,172.0349439997335
160,131,271.9072199997754,135.9536099998877
160,132,526.6902000003029,263.34510000015143
160,133,293.09783000007883,146.54891500003941
160,134,313.88401900039753,156.94200950019876
160,135,338.71054199971695,169.35527099985848
160,136,296.09191399958945,148.04595699979473
160,137,283.65215199937666,141.82607599968833
160,138,287.6661909995164,143.8330954997582
160,139,298.9399620000768,149.4699810000384
160,140,351.52674300024955,175.76337150012478
160,141,306.91885399937746,153.45942699968873
160,142,310.524303999955,155.2621519999775
160,143,308.7694850000844,154.3847425000422
160,144,314.6052490001239,157.30262450006194
160,145,311.7853659996399,155.89268299981995
160,146,314.03343900001346,157.01671950000673
160,147,312.60463500075275,156.30231750037638
160,148,338.8976080004795,169.44880400023976
160,149,301.1518640005306,150.5759320002653
160,150,288.4440309999263,144.22201549996316
160,151,330.28453399947466,165.14226699973733
160,152,296.39355299968884,148.19677649984442
160,153,304.62994200024696,152.31497100012348
160,154,264.1257240002233,132.06286200011164
160,155,309.84369199995854,154.92184599997927
160,156,299.63741099982144,149.81870549991072
160,157,258.6443070003952,129.3221535001976
160,158,285.39801700026146,142.69900850013073
160,159,284.65241200046876,142.32620600023438
160,160,310.59285099945555,155.29642549972777
170,1,291.73160799928155,145.86580399964078
170,2,337.03452500049025,168.51726250024512
170,3,327.7388279993829,163.86941399969146
170,4,313.9667080004074,156.9833540002037
170,5,343.8542599997163,171.92712999985815
170,6,464.46742199987057,232.23371099993528
170,7,300.80939500021486,150.40469750010743
170,8,489.53908899966336,244.76954449983168
170,9,322.628517999874,161.314258999937
170,10,402.7303689999826,201.3651844999913
170,11,391.82598299976235,195.91299149988117
170,12,376.28947099983634,188.14473549991817
170,13,288.6616480000157,144.33082400000785
170,14,292.3154299996895,146.15771499984476
170,15,339.1737580004701,169.58687900023506
170,16,284.9409390000801,142.47046950004005
170,17,296.716464000383,148.3582320001915
170,18,294.67022199969506,147.33511099984753
170,19,346.72131899969827,173.36065949984913
170,20,320.3245139993669,160.16225699968345
170,21,274.9723939996329,137.48619699981646
170,22,391.75479200002883,195.87739600001441
170,23,333.2332320005662,166.6166160002831
170,24,376.1506319997352,188.0753159998676
170,25,402.90622800057463,201.45311400028731
170,26,286.9804160000058,143.4902080000029
170,27,298.972810000123,149.4864050000615
170,28,297.59596999974747,148.79798499987373
170,29,280.4415649998191,140.22078249990955
170,30,309.1033860000607,154.55169300003035
170,31,328.8057669997215,164.40288349986076
170,32,274.65057599965803,137.32528799982902
170,33,383.7289220000457,191.86446100002286
170,34,372.8607769999144,186.4303884999572
170,35,337.23927899973205,168.61963949986603
170,36,530.2510050005367,265.12550250026834
170,37,319.78719099970476,159.89359549985238
170,38,305.7999820002806,152.8999910001403
170,39,322.7704420005466,161.3852210002733
170,40,286.91315000014583,143.45657500007292
170,41,306.39291900024546,153.19645950012273
170,42,305.4357239998353,152.71786199991766
170,43,338.01015599965467,169.00507799982734
170,44,293.0286860000706,146.5143430000353
170,45,661.3241630002449,330.66208150012244
170,46,283.62960100002965,141.81480050001483
170,47,292.75522400075715,146.37761200037858
170,48,304.0202349993706,152.0101174996853
170,49,334.3283349995545,167.16416749977725
170,50,347.53266099960456,173.76633049980228
170,51,306.0534379992532,153.0267189996266
170,52,328.9691390000371,164.48456950001855
170,53,324.99380399985967,162.49690199992983
170,54,407.93382300034864,203.96691150017432
170,55,376.7933780000021,188.39668900000106
170,56,270.0570710003376,135.0285355001688
170,57,293.375178000133,146.6875890000665
170,58,279.5719480000116,139.7859740000058
170,59,320.751136000581,160.3755680002905
170,60,290.447702000165,145.2238510000825
170,61,331.00159900004655,165.50079950002328
170,62,279.78318499935995,139.89159249967997
170,63,337.4395959999674,168.7197979999837
170,64,328.7624140002663,164.38120700013314
170,65,372.5694109998585,186.28470549992926
170,66,346.75708599934296,173.37854299967148
170,67,397.6582969999072,198.8291484999536
170,68,551.8087880000166,275.9043940000083
170,69,339.40857500056154,169.70428750028077
170,70,317.77654600045935,158.88827300022967
170,71,300.3889980000167,150.19449900000836
170,72,373.5413240001435,186.77066200007175
170,73,339.2154639996079,169.60773199980395
170,74,301.4250609994633,150.71253049973166
170,75,363.9524270001857,181.97621350009285
170,76,366.2217389992293,183.11086949961464
170,77,355.14809699998295,177.57404849999148
170,78,292.6062500000626,146.3031250000313
170,79,302.72404799961805,151.36202399980903
170,80,279.7588260000339,139.87941300001694
170,81,334.95325800049613,167.47662900024807
170,82,284.7169480000957,142.35847400004786
170,83,303.2883740006582,151.6441870003291
170,84,318.7010689998715,159.35053449993575
170,85,566.5578090001873,283.27890450009363
170,86,324.1704439997193,162.08522199985964
170,87,601.2101810001695,300.60509050008477
170,88,374.8944520002624,187.4472260001312
170,89,589.156250999622,294.578125499811
170,90,310.6144340008541,155.30721700042704
170,91,336.47275699968304,168.23637849984152
170,92,290.5952060000345,145.29760300001726
170,93,281.14625299986074,140.57312649993037
170,94,289.6815839994815,144.84079199974076
170,95,307.284907000394,153.642453500197
170,96,382.0686039998691,191.03430199993454
170,97,300.06580500048585,150.03290250024293
170,98,312.9173360002824,156.4586680001412
170,99,350.2580009999292,175.1290004999646
170,100,295.93747000035364,147.96873500017682
170,101,316.62465400040674,158.31232700020337
170,102,281.75141100018664,140.87570550009332
170,103,313.3408120002059,156.67040600010296
170,104,293.01097500047035,146.50548750023518
170,105,298.5749810004563,149.28749050022816
170,106,282.40373700009513,141.20186850004757
170,107,282.733048999944,141.366524499972
170,108,290.4415530001643,145.22077650008214
170,109,298.7962000006519,149.39810000032594
170,110,281.7127239995898,140.8563619997949
170,111,333.63714499955677,166.81857249977838
170,112,330.02984300037497,165.01492150018748
170,113,302.2869630003697,151.14348150018486
170,114,316.56766700052685,158.28383350026343
170,115,334.90622399949643,167.45311199974822
170,116,438.8332309999896,219.4166154999948
170,117,305.4791180002212,152.7395590001106
170,118,277.69616400019004,138.84808200009502
170,119,368.0294230007348,184.0147115003674
170,120,298.2597930003976,149.1298965001988
170,121,332.1663940005237,166.08319700026186
170,122,322.7332930000557,161.36664650002785
170,123,310.30434900003456,155.15217450001728
170,124,296.44714100049896,148.22357050024948
170,125,286.891597000249,143.4457985001245
170,126,337.9457099999854,168.9728549999927
170,127,288.1076040002881,144.05380200014406
170,128,344.1554319997522,172.0777159998761
170,129,350.38217100009206,175.19108550004603
170,130,287.16955600066285,143.58477800033143
170,131,331.2575829995694,165.6287914997847
170,132,308.1908470003327,154.09542350016636
170,133,283.44873700007156,141.72436850003578
170,134,289.512459999969,144.7562299999845
170,135,289.8803250000128,144.9401625000064
170,136,336.30447999985336,168.15223999992668
170,137,306.00384599983954,153.00192299991977
170,138,307.12326199954987,153.56163099977493
170,139,348.76399600034347,174.38199800017173
170,140,291.45890299969324,145.72945149984662
170,141,324.5084919999499,162.25424599997496
170,142,295.7555670000147,147.87778350000735
170,143,285.83654399972147,142.91827199986074
170,144,319.2601119999381,159.63005599996904
170,145,328.9635420005652,164.4817710002826
170,146,341.46881900051085,170.73440950025542
170,147,302.3693009999988,151.1846504999994
170,148,320.2772679996997,160.13863399984984
180,1,352.5532160001603,176.27660800008016
180,2,331.55466500011244,165.77733250005622
180,3,295.16182800034585,147.58091400017292
180,4,295.2827150002122,147.6413575001061
180,5,288.5018319993833,144.25091599969164
180,6,314.98757299959834,157.49378649979917
180,7,308.2643930001723,154.13219650008614
180,8,306.6339259994493,153.31696299972464
180,9,286.82712399950105,143.41356199975053
180,10,288.171981999767,144.0859909998835
180,11,308.0535779999991,154.02678899999955
180,12,314.60833300025115,157.30416650012558
180,13,371.3766509999914,185.6883254999957
180,14,290.9375099998215,145.46875499991074
180,15,285.24941300020146,142.62470650010073
180,16,297.0611390001068,148.5305695000534
180,17,310.6005159997949,155.30025799989744
180,18,281.8926090003515,140.94630450017576
180,19,316.96262400055275,158.48131200027638
180,20,296.16236799938633,148.08118399969317
180,21,275.55727700018906,137.77863850009453
180,22,299.80488999990484,149.90244499995242
180,23,290.23780999978044,145.11890499989022
180,24,349.60414099987247,174.80207049993624
180,25,308.95086100008484,154.47543050004242
180,26,278.81895000064105,139.40947500032053
180,27,348.8796649999131,174.43983249995654
180,28,287.51251799985766,143.75625899992883
180,29,281.9383639998705,140.96918199993524
180,30,291.21652000048925,145.60826000024463
180,31,277.54860799996095,138.77430399998048
180,32,344.24507499988977,172.12253749994488
180,33,324.2436460004683,162.12182300023414
180,34,359.9651719996473,179.98258599982364
180,35,372.6689089999127,186.33445449995634
180,36,320.7582499999262,160.3791249999631
180,37,324.7645100000227,162.38225500001136
180,38,316.3197530002435,158.15987650012175
180,39,340.78547399985837,170.39273699992918
180,40,283.2255710000027,141.61278550000134
180,41,309.9032169993734,154.9516084996867
180,42,329.4943709997824,164.7471854998912
180,43,304.2691200007539,152.13456000037695
180,44,306.42847000035545,153.21423500017772
180,45,341.8004059994928,170.9002029997464
180,46,328.0879760004609,164.04398800023046
180,47,346.40027199930046,173.20013599965023
180,48,305.95504700067977,152.97752350033988
180,49,284.09955999995873,142.04977999997936
180,50,306.3680970008136,153.1840485004068
180,51,342.6982480004881,171.34912400024405
180,52,344.17047500028275,172.08523750014137
180,53,353.64727700016374,176.82363850008187
180,54,284.4954440006404,142.2477220003202
180,55,332.6641700004984,166.3320850002492
180,56,308.167209000203,154.0836045001015
180,57,337.21549900019454,168.60774950009727
180,58,317.6260669997646,158.8130334998823
180,59,339.5125890001509,169.75629450007546
180,60,280.63594000013836,140.31797000006918
180,61,307.5298980002117,153.76494900010584
180,62,275.00780600075814,137.50390300037907
180,63,285.026788000323,142.5133940001615
180,64,298.14857600013056,149.07428800006528
180,65,409.8069259998738,204.9034629999369
180,66,295.82685500008665,147.91342750004333
180,67,294.09814800055756,147.04907400027878
180,68,294.34105299969815,147.17052649984907
180,69,306.3562389997969,153.17811949989846
180,70,283.53715100001864,141.76857550000932
180,71,308.00531599925307,154.00265799962654
180,72,302.61555000015505,151.30777500007753
180,73,316.0340569993423,158.01702849967114
180,74,341.05695800008107,170.52847900004053
180,75,373.6606959992059,186.83034799960296
180,76,326.25953600017965,163.12976800008983
180,77,328.31107299989526,164.15553649994763
180,78,361.80802499984566,180.90401249992283
180,79,298.3203460007644,149.1601730003822
180,80,304.5924739999464,152.2962369999732
180,81,338.47199700085184,169.23599850042592
180,82,311.3960769996993,155.69803849984964
180,83,342.4125900000945,171.20629500004725
180,84,313.43774299966753,156.71887149983377
180,85,342.35929299939016,171.17964649969508
180,86,297.5594800000181,148.77974000000904
180,87,358.8906959994347,179.44534799971734
180,88,335.81388800030254,167.90694400015127
180,89,292.22599100012303,146.11299550006152
180,90,300.4216749995976,150.2108374997988
180,91,344.04022000035184,172.02011000017592
180,92,306.74428299971623,153.37214149985812
180,93,307.1749639993868,153.5874819996934
180,94,311.84695699994336,155.92347849997168
180,95,356.8976369997472,178.4488184998736
180,96,288.5255969995342,144.2627984997671
180,97,347.3814090002634,173.6907045001317
180,98,365.86205399999017,182.93102699999508
180,99,287.4195129998043,143.70975649990214
180,100,353.4767589999319,176.73837949996596
180,101,304.81344500003615,152.40672250001808
180,102,279.34673500021745,139.67336750010872
180,103,303.7184180002441,151.85920900012206
180,104,354.4956559999264,177.2478279999632
180,105,332.433652999498,166.216826499749
180,106,337.85002999957214,168.92501499978607
180,107,301.5839549998418,150.7919774999209
180,108,353.0648329997348,176.5324164998674
180,109,318.74098099979165,159.37049049989582
180,110,373.1001500000275,186.55007500001375
180,111,313.43903000015416,156.71951500007708
180,112,317.02847799988376,158.51423899994188
180,113,319.99165399975027,159.99582699987513
180,114,361.3103110001248,180.6551555000624
180,115,315.978356999949,157.9891784999745
180,116,316.1852990006082,158.0926495003041
180,117,304.27746400073374,152.13873200036687
180,118,339.4505289998051,169.72526449990255
180,119,328.3624460000283,164.18122300001414
180,120,331.3896390000082,165.6948195000041
180,121,279.36502500051574,139.68251250025787
180,122,343.97780100061937,171.98890050030968
180,123,316.7474770007175,158.37373850035874
180,124,338.16864999971585,169.08432499985793
180,125,330.4672579997714,165.2336289998857
180,126,309.2965619998722,154.6482809999361
180,127,300.7324370000788,150.3662185000394
180,128,309.8781680000684,154.9390840000342
180,129,308.7079930000982,154.3539965000491
180,130,321.0811000008107,160.54055000040535
180,131,350.3159980000419,175.15799900002094
180,132,336.05646200066985,168.02823100033493
180,133,310.6624920001195,155.33124600005976
180,134,300.9568400002536,150.4784200001268
180,135,297.4567430001116,148.7283715000558
180,136,336.9800259997646,168.4900129998823
180,137,315.0977089999287,157.54885449996436
180,138,305.6201660001534,152.8100830000767
180,139,271.0986319998483,135.54931599992415
180,140,366.1274409996622,183.0637204998311
180,141,332.9624319994764,166.4812159997382
180,142,347.37685399977636,173.68842699988818
180,143,462.0080009999583,231.00400049997916
180,144,320.3766020005787,160.18830100028936
180,145,287.43229400060955,143.71614700030477
180,146,299.49410900007933,149.74705450003967
180,147,289.5530340001642,144.7765170000821
180,148,295.016908999969,147.5084544999845
180,149,408.91270999964036,204.45635499982018
180,150,327.0340379995105,163.51701899975524
180,151,384.9385040002744,192.4692520001372
180,152,323.1379439994271,161.56897199971354
180,153,275.17312800046057,137.58656400023028
180,154,313.6438089995863,156.82190449979316
180,155,299.98308300037024,149.99154150018512
180,156,319.68186300036905,159.84093150018452
180,157,322.7970379994076,161.3985189997038
180,158,386.06093500038696,193.03046750019348
180,159,362.9359820006357,181.46799100031785
180,160,281.77771199989365,140.88885599994683
180,161,370.1170260001163,185.05851300005816
180,162,299.9177839992626,149.9588919996313
180,163,347.5251779991595,173.76258899957975
180,164,313.84467399948335,156.92233699974167
180,165,313.3744739998292,156.6872369999146
180,166,449.3604389999746,224.6802194999873
180,167,330.2440020006543,165.12200100032715
180,168,296.8771449995984,148.4385724997992
180,169,355.84130300048855,177.92065150024428
180,170,289.85911600011605,144.92955800005802
180,171,311.2994169996455,155.64970849982274
180,172,351.86665400033235,175.93332700016617
180,173,333.29228700040403,166.64614350020202
180,174,308.0697240002337,154.03486200011685
180,175,296.81523500039475,148.40761750019738
180,176,319.9468920001891,159.97344600009455
180,177,342.5454409998565,171.27272049992825
180,178,353.76676299983956,176.88338149991978
180,179,303.74400399978185,151.87200199989093
180,180,323.7245589998565,161.86227949992826
190,1,308.867621999525,154.4338109997625
190,2,303.7482250001631,151.87411250008154
190,3,350.37273699981597,175.18636849990799
190,4,296.14725800001906,148.07362900000953
190,5,306.7439730002661,153.37198650013306
190,6,309.2316909996953,154.61584549984764
190,7,321.1233579995678,160.5616789997839
190,8,300.081553000382,150.040776500191
190,9,295.01993200028664,147.50996600014332
190,10,276.14756999992096,138.07378499996048
190,11,345.6462410003951,172.82312050019755
190,12,292.50762199990277,146.25381099995138
190,13,369.19520599985844,184.59760299992922
190,14,312.1809200001735,156.09046000008675
190,15,313.10517100064317,156.55258550032158
190,16,335.9139399999549,167.95696999997745
190,17,305.3664449998905,152.68322249994526
190,18,325.9030879999045,162.95154399995226
190,19,294.0614760000244,147.0307380000122
190,20,277.9910499994003,138.99552499970014
190,21,283.48123999967356,141.74061999983678
190,22,327.0781680002983,163.53908400014916
190,23,313.53188600041904,156.76594300020952
190,24,373.7493270000414,186.8746635000207
190,25,364.22356300045067,182.11178150022533
190,26,346.49170900047466,173.24585450023733
190,27,325.9474370006501,162.97371850032505
190,28,286.43956300038553,143.21978150019277
190,29,269.7963840000739,134.89819200003694
190,30,351.1352759996953,175.56763799984765
190,31,307.8998809996847,153.94994049984234
190,32,304.2490440002439,152.12452200012194
190,33,293.69627200048853,146.84813600024427
190,34,293.2652559993585,146.63262799967924
190,35,343.88274799948704,171.94137399974352
190,36,325.3839760000119,162.69198800000595
190,37,339.43119699961244,169.71559849980622
190,38,319.5798630003992,159.7899315001996
190,39,344.89860800022143,172.44930400011071
190,40,314.2445409994252,157.1222704997126
190,41,295.239235999361,147.6196179996805
190,42,282.6505749999342,141.3252874999671
190,43,308.24172600023303,154.12086300011651
190,44,312.11668899959477,156.05834449979739
190,45,327.6911180000752,163.8455590000376
190,46,323.1712899996637,161.58564499983186
190,47,398.3017379996454,199.1508689998227
190,48,325.5964520003545,162.79822600017724
190,49,313.2523439999204,156.6261719999602
190,50,306.89473600068595,153.44736800034298
190,51,261.6554710002674,130.8277355001337
190,52,347.97090899974137,173.98545449987068
190,53,318.5377009995136,159.2688504997568
190,54,300.80107000048883,150.40053500024442
190,55,397.0884489999662,198.5442244999831
190,56,403.04417199968157,201.52208599984078
190,57,278.57914500054903,139.28957250027452
190,58,349.28339399994,174.64169699997
190,59,293.3233969997673,146.66169849988364
190,60,301.23843399996986,150.61921699998493
190,61,272.52821900037816,136.26410950018908
190,62,333.6903899999015,166.84519499995076
190,63,295.3100620006808,147.6550310003404
190,64,306.4876799999183,153.24383999995916
190,65,303.3683200001178,151.6841600000589
190,66,383.21396300034394,191.60698150017197
190,67,316.5970299996843,158.29851499984215
190,68,320.16829200074426,160.08414600037213
190,69,290.9422309994625,145.47111549973124
190,70,299.19185700055095,149.59592850027548
190,71,316.12117999975453,158.06058999987727
190,72,295.7210189997568,147.8605094998784
190,73,306.6113610002503,153.30568050012516
190,74,303.6717220002174,151.8358610001087
190,75,294.8893399998269,147.44466999991346
190,76,301.0415420003483,150.52077100017414
190,77,364.14487899946835,182.07243949973417
190,78,303.9539960000184,151.9769980000092
190,79,300.94846799966035,150.47423399983018
190,80,328.6053580004591,164.30267900022955
190,81,323.40864700017846,161.70432350008923
190,82,308.98472599983506,154.49236299991753
190,83,309.59536699992896,154.79768349996448
190,84,348.2938759998433,174.14693799992165
190,85,340.4976159999933,170.24880799999664
190,86,288.60563699981867,144.30281849990934
190,87,362.20215299999836,181.10107649999918
190,88,317.5448280007913,158.77241400039566
190,89,317.46864400065533,158.73432200032767
190,90,333.206866999717,166.6034334998585
190,91,315.4259960001582,157.7129980000791
190,92,299.8850849999144,149.9425424999572
190,93,299.42420099996525,149.71210049998263
190,94,287.8274380000221,143.91371900001104
190,95,299.25488699973357,149.62744349986679
190,96,285.83349300060945,142.91674650030473
190,97,411.089116999392,205.544558499696
190,98,347.9391519995261,173.96957599976304
190,99,294.0369889993235,147.01849449966176
190,100,317.0086270001775,158.50431350008876
190,101,343.90663399972254,171.95331699986127
190,102,314.97277499966003,157.48638749983002
190,103,313.09714300005,156.548571500025
190,104,296.2614490006672,148.1307245003336
190,105,350.86308599966287,175.43154299983144
190,106,316.39201899997715,158.19600949998858
190,107,358.69162299968593,179.34581149984297
190,108,311.390769999889,155.6953849999445
190,109,331.3770080003451,165.68850400017254
190,110,335.62000399979297,167.81000199989649
190,111,326.2295180002184,163.1147590001092
190,112,301.1456790000011,150.57283950000055
190,113,285.48528800001804,142.74264400000902
190,114,338.6824939998405,169.34124699992026
190,115,328.0660179998449,164.03300899992246
190,116,328.98236100027134,164.49118050013567
190,117,305.2596210000047,152.62981050000235
190,118,363.1713000004311,181.58565000021554
190,119,313.23606399928394,156.61803199964197
190,120,298.8080320001245,149.40401600006226
190,121,313.4455239996896,156.7227619998448
190,122,335.14468999965175,167.57234499982587
190,123,308.8254369995411,154.41271849977056
190,124,304.4802360000176,152.2401180000088
190,125,321.54946500031656,160.77473250015828
190,126,281.451451999601,140.7257259998005
190,127,364.2345080006635,182.11725400033174
190,128,290.67553200002294,145.33776600001147
190,129,282.9419929994401,141.47099649972006
190,130,338.0866409997907,169.04332049989534
190,131,301.84275999999954,150.92137999999977
190,132,315.5491299994537,157.77456499972686
190,133,299.15800700018735,149.57900350009368
190,134,358.50400400067883,179.25200200033942
190,135,293.46598499978427,146.73299249989213
190,136,324.9827079998795,162.49135399993975
190,137,396.25855699978274,198.12927849989137
190,138,341.4042009999321,170.70210049996604
190,139,397.5974879995192,198.7987439997596
190,140,358.76542599999084,179.38271299999542
190,141,354.6686489999047,177.33432449995234
190,142,325.99260300048627,162.99630150024313
190,143,341.19321999969543,170.59660999984771
190,144,278.47440099958476,139.23720049979238
190,145,306.72537600003125,153.36268800001562
190,146,301.1783169995397,150.58915849976984
190,147,288.31084499961435,144.15542249980717
190,148,307.9632720000518,153.9816360000259
190,149,279.7266289999243,139.86331449996214
190,150,352.08381899974484,176.04190949987242
190,151,360.0618170003145,180.03090850015724
190,152,322.37245000033,161.186225000165
190,153,301.19388900038757,150.59694450019379
190,154,373.2884880000711,186.64424400003554
190,155,291.7589409998982,145.8794704999491
190,156,288.5101190004207,144.25505950021034
190,157,298.92083600043406,149.46041800021703
190,158,290.4577489998701,145.22887449993505
190,159,335.0490129996615,167.52450649983075
190,160,288.709542000106,144.354771000053
190,161,414.41902499991556,207.20951249995778
190,162,321.5066029997615,160.75330149988076
190,163,300.5231150000327,150.26155750001635
190,164,326.30900200001633,163.15450100000817
190,165,300.18315500001336,150.09157750000668
190,166,291.26197900041007,145.63098950020503
190,167,308.92684900027234,154.46342450013617
190,168,307.83126700043795,153.91563350021897
190,169,299.4113089998791,149.70565449993956
190,170,329.8146520000955,164.90732600004776
190,171,328.2574439999735,164.12872199998674
190,172,303.8806360000308,151.9403180000154
190,173,312.69151699962094,156.34575849981047
190,174,335.49272600066615,167.74636300033308
190,175,346.34395800003404,173.17197900001702
190,176,295.7672669999738,147.8836334999869
190,177,285.54625299966574,142.77312649983287
190,178,292.6928329998191,146.34641649990954
190,179,315.26849100009713,157.63424550004856
190,180,310.1384460005647,155.06922300028236
190,181,349.4427600007839,174.72138000039195
190,182,332.5380670003142,166.2690335001571
190,183,277.1830889996636,138.5915444998318
190,184,309.9067249995642,154.9533624997821
190,185,296.7658300003677,148.38291500018386
190,186,303.8491699999213,151.92458499996064
190,187,406.4667019993067,203.23335099965334
190,188,291.1590490002709,145.57952450013545
190,189,340.6850809997195,170.34254049985975
190,190,361.71960400042735,180.85980200021368
200,1,312.5649200001135,156.28246000005674
200,2,413.04630500053463,206.52315250026732
200,3,304.4462180005212,152.2231090002606
200,4,307.5136150000617,153.75680750003085
200,5,336.03508600026544,168.01754300013272
200,6,325.4666670000006,162.7333335000003
200,7,305.81822200019815,152.90911100009907
200,8,301.2771359999533,150.63856799997666
200,9,314.900229000159,157.4501145000795
200,10,341.9532509997225,170.97662549986126
200,11,340.5722820007213,170.28614100036066
200,12,312.33558600069955,156.16779300034977
200,13,355.90232200047467,177.95116100023733
200,14,356.7127589994925,178.35637949974625
200,15,324.17119599995203,162.08559799997602
200,16,338.7136499995904,169.3568249997952
200,17,312.23217800015846,156.11608900007923
200,18,355.52458299935097,177.76229149967548
200,19,307.79681200056075,153.89840600028037
200,20,357.3941750000813,178.69708750004065
200,21,304.1172719995302,152.0586359997651
200,22,321.66905000030965,160.83452500015483
200,23,292.2507539997241,146.12537699986206
200,24,285.6569090008634,142.8284545004317
200,25,355.84950399970694,177.92475199985347
200,26,307.85158699927706,153.92579349963853
200,27,297.63720200026,148.81860100013
200,28,289.53505600020435,144.76752800010217
200,29,339.3117149998943,169.65585749994716
200,30,301.9944560001022,150.9972280000511
200,31,298.94420799973886,149.47210399986943
200,32,301.02126200017665,150.51063100008832
200,33,316.841851999925,158.4209259999625
200,34,314.7897050002939,157.39485250014695
200,35,306.0591020002903,153.02955100014515
200,36,332.7175899994472,166.3587949997236
200,37,294.01719799989223,147.00859899994612
200,38,313.46856799973466,156.73428399986733
200,39,317.7620640008172,158.8810320004086
200,40,280.47015800075314,140.23507900037657
200,41,293.5934779998206,146.7967389999103
200,42,297.5745139992796,148.7872569996398
200,43,311.3110320000487,155.65551600002436
200,44,278.795524999623,139.3977624998115
200,45,318.24355800017656,159.12177900008828
200,46,317.84463500025595,158.92231750012797
200,47,290.2504900002896,145.1252450001448
200,48,262.043163999806,131.021581999903
200,49,297.1982199997001,148.59910999985004
200,50,301.8145269998058,150.9072634999029
200,51,326.15357499980746,163.07678749990373
200,52,308.72377600007894,154.36188800003947
200,53,310.3946490000453,155.19732450002266
200,54,313.68446899978153,156.84223449989076
200,55,309.15791999996145,154.57895999998073
200,56,339.5525380001345,169.77626900006726
200,57,325.2370999998675,162.61854999993375
200,58,297.1065339997949,148.55326699989746
200,59,358.13136199976725,179.06568099988363
200,60,296.33676199955516,148.16838099977758
200,61,294.6427409997341,147.32137049986704
200,62,335.37335399978474,167.68667699989237
200,63,309.01816000005056,154.50908000002528
200,64,311.38676699993084,155.69338349996542
200,65,328.3556789992872,164.1778394996436
200,66,353.64916100024857,176.82458050012428
200,67,310.9921770001165,155.49608850005825
200,68,313.6079850000897,156.80399250004484
200,69,296.4102220003042,148.2051110001521
200,70,311.94996399972297,155.97498199986148
200,71,309.0141759994367,154.50708799971835
200,72,298.84199500065733,149.42099750032867
200,73,298.30181499983155,149.15090749991577
200,74,305.41598799936764,152.70799399968382
200,75,338.19291700001486,169.09645850000743
200,76,299.2069160000028,149.6034580000014
200,77,395.9635330002129,197.98176650010646
200,78,300.99876900021627,150.49938450010814
200,79,482.0351779999328,241.0175889999664
200,80,307.08898800003226,153.54449400001613
200,81,314.9882650004656,157.4941325002328
200,82,321.974346999923,160.9871734999615
200,83,310.6835279995721,155.34176399978605
200,84,300.8966569996119,150.44832849980594
200,85,300.34675499973673,150.17337749986837
200,86,288.10222299944144,144.05111149972072
200,87,351.3960469999802,175.6980234999901
200,88,314.13662399972964,157.06831199986482
200,89,295.75133500020456,147.87566750010228
200,90,323.84827100031544,161.92413550015772
200,91,292.16551699937554,146.08275849968777
200,92,315.7114220002768,157.8557110001384
200,93,311.6365340001721,155.81826700008605
200,94,348.4837400001197,174.24187000005986
200,95,327.03951700023026,163.51975850011513
200,96,276.2066670002241,138.10333350011206
200,97,298.49760299930495,149.24880149965247
200,98,285.3810800006613,142.69054000033066
200,99,317.16594399949827,158.58297199974913
200,100,319.79382499957865,159.89691249978932
200,101,326.07822899990424,163.03911449995212
200,102,280.66808600033255,140.33404300016628
200,103,311.7390309998882,155.8695154999441
200,104,288.13908900065144,144.06954450032572
200,105,313.4338290001324,156.7169145000662
200,106,284.1297939994547,142.06489699972735
200,107,363.38316799992754,181.69158399996377
200,108,326.606313999946,163.303156999973
200,109,337.18799100006436,168.59399550003218
200,110,302.8332070007309,151.41660350036545
200,111,301.1828709995825,150.59143549979126
200,112,353.93657199983863,176.96828599991932
200,113,329.5855260003009,164.79276300015044
200,114,299.6375510001599,149.81877550007994
200,115,293.19898300036584,146.59949150018292
200,116,300.2481940002326,150.1240970001163
200,117,379.60608400044293,189.80304200022147
200,118,341.0008230002859,170.50041150014295
200,119,307.8581760000816,153.9290880000408
200,120,322.85203199990065,161.42601599995032
200,121,310.6951110003138,155.3475555001569
200,122,293.4034980007709,146.70174900038546
200,123,319.56700699993235,159.78350349996617
200,124,359.324646999994,179.662323499997
200,125,298.0995449997863,149.04977249989315
200,126,303.50347500007047,151.75173750003523
200,127,301.50915999911376,150.75457999955688
200,128,308.8741640003718,154.4370820001859
200,129,338.92517300046165,169.46258650023083
200,130,287.6173659997221,143.80868299986105
200,131,298.77440799918986,149.38720399959493
200,132,321.81361299990385,160.90680649995193
200,133,361.28842099969916,180.64421049984958
200,134,316.2767769999846,158.1383884999923
200,135,286.9290379994709,143.46451899973545
200,136,315.8109840005636,157.9054920002818
200,137,293.3000319999337,146.65001599996685
200,138,281.5136090002852,140.7568045001426
200,139,378.758179000215,189.3790895001075
200,140,296.83383100018546,148.41691550009273
200,141,308.26294400048937,154.13147200024468
200,142,313.8279289996717,156.91396449983586
200,143,299.91013499966357,149.95506749983178
200,144,277.9603259996293,138.98016299981464
200,145,288.11021000001347,144.05510500000673
200,146,315.8026859991878,157.9013429995939
200,147,300.1104099994336,150.0552049997168
200,148,284.8959080001805,142.44795400009025
200,149,331.6971630001717,165.84858150008586
200,150,377.81936999999743,188.90968499999872
200,151,321.38337200012757,160.69168600006378
200,152,311.3768570001412,155.6884285000706
200,153,342.063230000349,171.0316150001745
200,154,293.9429480002218,146.9714740001109
200,155,323.9733089994843,161.98665449974214
200,156,370.1634599992758,185.0817299996379
200,157,314.76078600007895,157.38039300003948
200,158,286.1486519996106,143.0743259998053
200,159,397.71086299970193,198.85543149985097
200,160,309.6154269996987,154.80771349984934
200,161,304.7171600001093,152.35858000005464
200,162,286.91468099987105,143.45734049993553
200,163,270.8195019995401,135.40975099977004
200,164,320.54193199928704,160.27096599964352
200,165,364.28082899965375,182.14041449982687
200,166,344.8125329996401,172.40626649982005
200,167,293.8954279998143,146.94771399990714
200,168,316.60113599991746,158.30056799995873
200,169,299.4521900000109,149.72609500000544
200,170,330.81116700032,165.40558350016
200,171,316.88992900035373,158.44496450017687
200,172,325.95280500027,162.976402500135
200,173,297.4945960004334,148.7472980002167
200,174,304.3135859998074,152.1567929999037
200,175,306.19030900015787,153.09515450007893
200,176,315.659568999763,157.8297844998815
200,177,310.6085620001977,155.30428100009885
200,178,315.6278469996323,157.81392349981616
200,179,323.4115870000096,161.7057935000048
200,180,306.59761899914884,153.29880949957442
200,181,352.96445099993434,176.48222549996717
200,182,342.8960660003213,171.44803300016065
200,183,320.99914599984913,160.49957299992457
200,184,284.2780720002338,142.1390360001169
200,185,357.06876299991563,178.53438149995782
200,186,305.0952060002601,152.54760300013004
200,187,326.3088539997625,163.15442699988125
200,188,297.64009100017574,148.82004550008787
200,189,319.5246400000542,159.7623200000271
200,190,332.9449190005107,166.47245950025535
200,191,307.7465870001106,153.8732935000553
200,192,332.7135700001236,166.3567850000618
200,193,298.1247149991759,149.06235749958796
200,194,310.25852499988105,155.12926249994052
200,195,333.99050000025454,166.99525000012727
200,196,305.25547999968694,152.62773999984347
200,197,325.1693990005151,162.58469950025756
200,198,364.9543689998609,182.47718449993044
200,199,323.7585979995856,161.8792989997928
200,200,323.5337839996646,161.7668919998323


sample_size,num_success,avg_rtt_ms,avg_iptd_ms
10,10,348.6957939000604,174.3478969500302
20,20,343.46430264995433,171.73215132497717
30,30,323.28230359999,161.641151799995
40,40,318.8800058749166,159.4400029374583
50,50,328.6176771799546,164.3088385899773
60,60,322.31565466666626,161.15782733333313
70,70,315.05097089997696,157.52548544998848
80,80,317.39136268746506,158.69568134373253
90,90,327.96616618890965,163.98308309445483
100,100,340.16333243999725,170.08166621999862
110,110,323.0714205908953,161.53571029544764
120,120,322.03923261666506,161.01961630833253
130,130,316.331514738445,158.1657573692225
140,140,331.52057463570213,165.76028731785107
150,150,347.47575530667143,173.73787765333572
160,160,348.82642573123803,174.41321286561902
170,148,332.77638634462704,166.38819317231352
180,180,320.78842693335395,160.39421346667697
190,190,319.10423435263414,159.55211717631707
200,200,316.9531044649784,158.4765522324892
